{
  "mean": [
    0.04852172467069751,
    0.040952575860021295,
    0.07463268170190945,
    0.008054714566740465,
    0.0642225211278213,
    0.19928013930740138,
    0.03496805204544345,
    0.04658551538615637,
    0.38746548073699694,
    0.21872057240448245,
    0.10085562409299603,
    0.016545298032497255,
    0.3071928365795173,
    0.2925214596903541,
    0.006877983477081393,
    0.35195976699093107,
    0.25583372459538284,
    0.003757210984387981,
    0.0610315086978263,
    0.29954517818337123,
    0.34584148604599557,
    0.2815615908423028,
    0.19472537720721175,
    0.32769753169181387,
    0.728030303223314,
    0.5233364453231064,
    0.5268943956336488,
    0.18447964554573107,
    0.437210333577899,
    0.6312495589658452,
    0.4486273410728087,
    0.14851900583244793,
    0.21688571271618903
  ],
  "scale": [
    0.1815668802482983,
    0.13321783993622066,
    0.0847446471757339,
    0.03716139754927694,
    0.0810648434331319,
    0.11017780173677927,
    0.07728430580194227,
    0.0711569009312591,
    0.1779863405227126,
    0.163630364801097,
    0.06458616255887387,
    0.08903862776278193,
    0.1908957576971934,
    0.14921155807281272,
    0.03552540687915955,
    0.08423995299732037,
    0.14065184330938132,
    0.018461113398078408,
    0.115894140065661,
    0.1546491190723145,
    0.19205294457836594,
    0.10446382974308166,
    0.1713553447626135,
    0.08636785045121675,
    0.1067256756962299,
    0.13032858101788886,
    0.1110058128466166,
    0.2111096850651024,
    0.13388968231903636,
    0.10136443564195584,
    0.07607970250606196,
    0.11363899495480817,
    0.10766694838962146
  ]
}